Period,Revenue,Expense
1,73542762.27758007,26077386.33036773
2,131821932.38434163,46742484.931791216
3,120721138.07829182,42806275.67437722
4,115170740.9252669,40838171.04567022
5,34689982.20640569,12300653.92941874
6,81868358.00711744,29029543.273428228
7,124883935.94306052,44282354.14590748
8,48565975.08896797,17220915.501186237
9,4162797.864768684,1476078.471530249
10,41627978.64768683,14760784.71530249
11,1387599.2882562275,492026.1571767496
12,1387599.2882562275,492026.1571767496
