Period,Revenue,Expense
1,106386297.6,35764610.13904762
2,43942166.4,14772338.970476193
3,101760806.4,34209627.089523815
4,24283828.799999997,8163661.010000001
5,76320604.8,25657220.31714286
6,67069622.39999999,22547254.218095236
7,105229924.8,35375864.37666667
8,43942166.4,14772338.970476193
9,67069622.39999999,22547254.218095236
10,78633350.39999999,26434711.841904763
11,93666196.8,31488406.752857145
12,1156372.7999999998,388745.76238095236
