Scenario,Avg Total Revenue,Avg Total Expense
1,149560000.00000003,116820840.66666667
2,214545900.0,139864065.69444445
