Period,Revenue,Expense
1,337283926.3803681,192532393.22699386
2,231882699.38650307,132366020.34355828
3,456738650.3067484,260720949.16155416
4,7026748.46625767,4011091.5255623725
5,414578159.5092025,236654400.00817993
6,604300368.0981596,344953871.198364
7,302150184.0490798,172476935.599182
8,119454723.92638037,68188555.93456033
9,91347730.06134969,52144189.83231083
10,203775705.5214724,116321654.2413088
11,660514355.8282208,377042603.40286297
12,7026748.46625767,4011091.5255623725
