Period,Revenue,Expense
1,25136134.453781515,19633754.733893562
2,236279663.86554623,184557294.49859947
3,150816806.7226891,117802528.40336135
4,45245042.01680672,35340758.5210084
5,135735126.05042017,106022275.5630252
6,30163361.344537817,23560505.68067227
7,180980168.0672269,141363034.0840336
8,316715294.11764705,247385309.64705884
9,95517310.92436974,74608267.98879552
10,331796974.789916,259165562.487395
11,241306890.75630254,188484045.44537815
12,5027226.8907563025,3926750.946778712
