Period,Revenue,Expense
1,926685201.7937219,451022176.14349777
2,834016681.6143498,405919958.529148
3,695013901.3452915,338266632.10762334
4,185337040.3587444,90204435.22869956
5,617790134.529148,300681450.76233184
6,293450313.90134525,142823689.1121076
7,324339820.62780267,157857761.6502242
8,633234887.8923767,308198487.0313902
9,864906188.3408072,420954031.0672646
10,1235580269.058296,601362901.5246637
11,262560807.1748879,127789616.57399103
12,15444753.363228701,7517036.269058296
